Image ID,Image name,Annotation status,Points,BRY,CNCA,CNTR,CRB,MOB,MOG,SP,WPOT,SC,Unc,MAA,MAEC,MAEF,MAEN,MAF,MAG,MALA,MALCB,MAS
1909922,AR_PM_PC_HT_20181105_Q01_human.jpg,Confirmed,100,0.000,0.000,0.000,0.000,0.000,0.000,0.000,0.000,66.000,0.000,0.000,0.000,0.000,0.000,34.000,0.000,0.000,0.000,0.000
1909921,AR_PM_PC_HT_20181105_Q02_human.jpg,Confirmed,100,0.000,0.000,0.000,1.000,0.000,0.000,0.000,0.000,46.000,0.000,0.000,0.000,0.000,0.000,53.000,0.000,0.000,0.000,0.000
1909918,AR_PM_PC_HT_20181105_Q03_human.jpg,Confirmed,100,0.000,0.000,0.000,0.000,0.000,0.000,0.000,0.000,44.000,0.000,0.000,0.000,0.000,0.000,56.000,0.000,0.000,0.000,0.000
1909917,AR_PM_PC_HT_20181105_Q04_human.jpg,Confirmed,100,0.000,0.000,0.000,0.000,0.000,0.000,0.000,0.000,31.000,0.000,0.000,0.000,0.000,0.000,69.000,0.000,0.000,0.000,0.000
1909915,AR_PM_PC_HT_20181105_Q05_human.jpg,Confirmed,100,0.000,0.000,0.000,0.000,0.000,0.000,0.000,0.000,33.000,0.000,0.000,0.000,0.000,0.000,67.000,0.000,0.000,0.000,0.000
1909914,AR_PM_PC_HT_20181105_Q06_human.jpg,Confirmed,100,0.000,0.000,0.000,0.000,7.000,0.000,0.000,0.000,45.000,0.000,0.000,0.000,0.000,0.000,48.000,0.000,0.000,0.000,0.000
1909913,AR_PM_PC_HT_20181105_Q07_human.jpg,Confirmed,100,0.000,0.000,0.000,0.000,14.000,0.000,0.000,0.000,42.000,0.000,0.000,0.000,0.000,0.000,42.000,0.000,0.000,0.000,2.000
1909912,AR_PM_PC_HT_20181105_Q08_human.jpg,Confirmed,100,0.000,0.000,0.000,0.000,4.000,0.000,0.000,0.000,36.000,0.000,0.000,0.000,0.000,0.000,60.000,0.000,0.000,0.000,0.000
1909911,AR_PM_PC_HT_20181105_Q09_human.jpg,Confirmed,100,0.000,0.000,0.000,0.000,0.000,0.000,0.000,0.000,40.000,0.000,0.000,0.000,0.000,0.000,60.000,0.000,0.000,0.000,0.000
1909910,AR_PM_PC_HT_20181105_Q10_human.jpg,Confirmed,100,0.000,0.000,0.000,0.000,2.000,0.000,0.000,0.000,35.000,0.000,0.000,0.000,0.000,0.000,59.000,0.000,0.000,0.000,4.000
1909946,AR_PM_PC_LT_20181105_Q01_human.jpg,Confirmed,100,0.000,0.000,0.000,0.000,0.000,0.000,0.000,2.000,34.000,0.000,18.000,0.000,0.000,0.000,22.000,0.000,0.000,0.000,24.000
1909945,AR_PM_PC_LT_20181105_Q02_human.jpg,Confirmed,100,0.000,0.000,0.000,0.000,0.000,0.000,0.000,20.000,37.000,0.000,2.000,0.000,0.000,0.000,13.000,0.000,0.000,0.000,28.000
1909940,AR_PM_PC_LT_20181105_Q03_human.jpg,Confirmed,100,0.000,0.000,0.000,0.000,0.000,0.000,0.000,1.000,27.000,0.000,33.000,0.000,0.000,0.000,14.000,0.000,0.000,0.000,25.000
1909939,AR_PM_PC_LT_20181105_Q04_human.jpg,Confirmed,100,0.000,0.000,0.000,0.000,0.000,0.000,0.000,8.000,23.000,0.000,6.000,0.000,0.000,0.000,28.000,0.000,0.000,0.000,35.000
1909934,AR_PM_PC_LT_20181105_Q05_human.jpg,Confirmed,100,0.000,0.000,0.000,0.000,0.000,0.000,0.000,7.000,18.000,0.000,3.000,0.000,0.000,0.000,7.000,0.000,0.000,0.000,65.000
1909933,AR_PM_PC_LT_20181105_Q06_human.jpg,Confirmed,100,0.000,0.000,0.000,0.000,0.000,0.000,0.000,8.000,34.000,0.000,14.000,0.000,0.000,0.000,21.000,0.000,0.000,0.000,23.000
1909929,AR_PM_PC_LT_20181105_Q07_human.jpg,Confirmed,100,0.000,0.000,0.000,0.000,0.000,0.000,0.000,9.000,42.000,0.000,22.000,0.000,0.000,0.000,4.000,0.000,0.000,0.000,23.000
1909930,AR_PM_PC_LT_20181105_Q08_human.jpg,Confirmed,100,0.000,0.000,0.000,0.000,0.000,0.000,0.000,0.000,46.000,0.000,16.000,0.000,0.000,0.000,10.000,0.000,0.000,0.000,28.000
1909926,AR_PM_PC_LT_20181105_Q09_human.jpg,Confirmed,100,0.000,0.000,0.000,0.000,0.000,0.000,0.000,2.000,20.000,0.000,14.000,0.000,0.000,0.000,18.000,0.000,0.000,0.000,46.000
1909925,AR_PM_PC_LT_20181105_Q10_human.jpg,Confirmed,100,0.000,0.000,0.000,0.000,0.000,0.000,0.000,3.000,35.000,0.000,18.000,0.000,0.000,0.000,15.000,0.000,0.000,0.000,29.000
1909976,AR_PM_PC_MT_20181105_Q01_human.jpg,Confirmed,100,0.000,0.000,0.000,3.000,89.000,0.000,0.000,0.000,3.000,0.000,0.000,0.000,0.000,5.000,0.000,0.000,0.000,0.000,0.000
1909975,AR_PM_PC_MT_20181105_Q02_human.jpg,Confirmed,100,0.000,0.000,0.000,4.000,88.000,0.000,0.000,0.000,4.000,0.000,0.000,0.000,0.000,4.000,0.000,0.000,0.000,0.000,0.000
1909970,AR_PM_PC_MT_20181105_Q03_human.jpg,Confirmed,100,0.000,0.000,0.000,3.000,82.000,0.000,0.000,0.000,8.000,0.000,0.000,0.000,0.000,5.000,0.000,0.000,0.000,0.000,2.000
1909969,AR_PM_PC_MT_20181105_Q04_human.jpg,Confirmed,100,0.000,0.000,0.000,1.000,86.000,0.000,0.000,0.000,7.000,0.000,0.000,0.000,0.000,4.000,0.000,0.000,0.000,0.000,2.000
1909964,AR_PM_PC_MT_20181105_Q05_human.jpg,Confirmed,100,0.000,0.000,0.000,0.000,78.000,0.000,0.000,0.000,11.000,0.000,0.000,0.000,0.000,3.000,0.000,0.000,0.000,0.000,8.000
1909963,AR_PM_PC_MT_20181105_Q06_human.jpg,Confirmed,100,0.000,0.000,0.000,1.000,90.000,0.000,0.000,0.000,5.000,0.000,0.000,0.000,0.000,4.000,0.000,0.000,0.000,0.000,0.000
1909957,AR_PM_PC_MT_20181105_Q07_human.jpg,Confirmed,100,0.000,0.000,0.000,4.000,88.000,0.000,0.000,0.000,5.000,0.000,0.000,0.000,0.000,3.000,0.000,0.000,0.000,0.000,0.000
1909958,AR_PM_PC_MT_20181105_Q08_human.jpg,Confirmed,100,0.000,0.000,0.000,9.000,87.000,0.000,0.000,0.000,3.000,0.000,0.000,0.000,0.000,0.000,0.000,0.000,0.000,0.000,1.000
1909952,AR_PM_PC_MT_20181105_Q09_human.jpg,Confirmed,100,0.000,0.000,0.000,3.000,78.000,0.000,0.000,0.000,17.000,0.000,0.000,0.000,0.000,2.000,0.000,0.000,0.000,0.000,0.000
1909951,AR_PM_PC_MT_20181105_Q10_human.jpg,Confirmed,100,0.000,0.000,0.000,7.000,89.000,0.000,0.000,0.000,0.000,0.000,0.000,0.000,0.000,4.000,0.000,0.000,0.000,0.000,0.000
1909936,AR_PM_PE_HT_20181025_Q01_human.jpg,Confirmed,100,0.000,0.000,0.000,0.000,5.000,0.000,0.000,0.000,41.000,0.000,0.000,0.000,0.000,0.000,50.000,0.000,0.000,0.000,4.000
1909932,AR_PM_PE_HT_20181025_Q02_human.jpg,Confirmed,100,0.000,0.000,0.000,12.000,0.000,0.000,0.000,0.000,76.000,0.000,1.000,0.000,0.000,2.000,9.000,0.000,0.000,0.000,0.000
1909931,AR_PM_PE_HT_20181025_Q03_human.jpg,Confirmed,100,0.000,0.000,0.000,3.000,0.000,0.000,0.000,0.000,87.000,0.000,0.000,0.000,0.000,0.000,10.000,0.000,0.000,0.000,0.000
1909928,AR_PM_PE_HT_20181025_Q04_human.jpg,Confirmed,100,0.000,0.000,0.000,5.000,0.000,0.000,0.000,0.000,86.000,0.000,0.000,0.000,0.000,0.000,8.000,0.000,0.000,0.000,1.000
1909927,AR_PM_PE_HT_20181025_Q05_human.jpg,Confirmed,100,0.000,0.000,0.000,3.000,0.000,0.000,0.000,0.000,68.000,0.000,0.000,0.000,0.000,6.000,23.000,0.000,0.000,0.000,0.000
1909923,AR_PM_PE_HT_20181025_Q06_human.jpg,Confirmed,100,0.000,0.000,0.000,7.000,0.000,0.000,0.000,0.000,86.000,0.000,0.000,0.000,0.000,5.000,2.000,0.000,0.000,0.000,0.000
1909924,AR_PM_PE_HT_20181025_Q07_human.jpg,Confirmed,100,0.000,0.000,0.000,7.000,0.000,0.000,0.000,0.000,90.000,0.000,0.000,0.000,0.000,3.000,0.000,0.000,0.000,0.000,0.000
1909920,AR_PM_PE_HT_20181025_Q08_human.jpg,Confirmed,100,0.000,0.000,0.000,1.000,0.000,0.000,0.000,0.000,44.000,0.000,0.000,0.000,0.000,5.000,50.000,0.000,0.000,0.000,0.000
1909919,AR_PM_PE_HT_20181025_Q09_human.jpg,Confirmed,100,0.000,0.000,0.000,11.000,0.000,0.000,0.000,0.000,60.000,0.000,0.000,0.000,0.000,10.000,19.000,0.000,0.000,0.000,0.000
1909916,AR_PM_PE_HT_20181025_Q10_human.jpg,Confirmed,100,0.000,0.000,0.000,0.000,0.000,0.000,0.000,0.000,69.000,0.000,0.000,0.000,0.000,1.000,30.000,0.000,0.000,0.000,0.000
1909996,AR_PM_PE_LT_20181025_Q01_human.jpg,Confirmed,100,0.000,0.000,0.000,0.000,0.000,0.000,0.000,0.000,3.000,0.000,35.000,0.000,0.000,0.000,56.000,0.000,0.000,0.000,6.000
1909998,AR_PM_PE_LT_20181025_Q02_human.jpg,Confirmed,100,0.000,0.000,0.000,0.000,0.000,0.000,0.000,0.000,2.000,0.000,26.000,0.000,0.000,0.000,32.000,0.000,0.000,0.000,40.000
1909991,AR_PM_PE_LT_20181025_Q03_human.jpg,Confirmed,100,0.000,0.000,0.000,0.000,0.000,0.000,0.000,0.000,1.000,0.000,1.000,0.000,0.000,0.000,61.000,0.000,0.000,21.000,16.000
1909989,AR_PM_PE_LT_20181025_Q04_human.jpg,Confirmed,100,0.000,0.000,0.000,0.000,0.000,0.000,0.000,0.000,5.000,0.000,2.000,0.000,0.000,0.000,55.000,0.000,0.000,24.000,14.000
1909985,AR_PM_PE_LT_20181025_Q05_human.jpg,Confirmed,100,0.000,0.000,0.000,0.000,0.000,0.000,0.000,0.000,2.000,0.000,4.000,0.000,0.000,0.000,60.000,0.000,0.000,3.000,31.000
1909979,AR_PM_PE_LT_20181025_Q06_human.jpg,Confirmed,100,0.000,0.000,0.000,0.000,0.000,0.000,0.000,0.000,1.000,0.000,17.000,0.000,0.000,0.000,53.000,0.000,0.000,0.000,29.000
1909980,AR_PM_PE_LT_20181025_Q07_human.jpg,Confirmed,100,0.000,0.000,0.000,0.000,2.000,0.000,0.000,0.000,2.000,0.000,34.000,0.000,0.000,1.000,47.000,0.000,0.000,0.000,14.000
1909974,AR_PM_PE_LT_20181025_Q08_human.jpg,Confirmed,100,0.000,0.000,0.000,0.000,0.000,0.000,0.000,0.000,1.000,0.000,6.000,0.000,0.000,0.000,57.000,0.000,0.000,0.000,36.000
1909973,AR_PM_PE_LT_20181025_Q09_human.jpg,Confirmed,100,0.000,0.000,0.000,0.000,0.000,0.000,0.000,0.000,1.000,0.000,8.000,0.000,0.000,0.000,61.000,0.000,0.000,0.000,30.000
1909968,AR_PM_PE_LT_20181025_Q10_human.jpg,Confirmed,100,0.000,0.000,0.000,0.000,0.000,0.000,0.000,0.000,3.000,0.000,18.000,0.000,0.000,0.000,56.000,0.000,0.000,2.000,21.000
1909967,AR_PM_PE_MT_20181025_Q01_human.jpg,Confirmed,100,0.000,0.000,0.000,7.000,85.000,0.000,0.000,0.000,4.000,0.000,2.000,0.000,0.000,2.000,0.000,0.000,0.000,0.000,0.000
1909962,AR_PM_PE_MT_20181025_Q02_human.jpg,Confirmed,100,0.000,0.000,0.000,3.000,87.000,0.000,0.000,0.000,1.000,0.000,2.000,0.000,0.000,7.000,0.000,0.000,0.000,0.000,0.000
1909961,AR_PM_PE_MT_20181025_Q03_human.jpg,Confirmed,100,0.000,0.000,0.000,2.000,95.000,0.000,0.000,0.000,2.000,0.000,0.000,0.000,0.000,1.000,0.000,0.000,0.000,0.000,0.000
1909956,AR_PM_PE_MT_20181025_Q04_human.jpg,Confirmed,100,0.000,0.000,0.000,3.000,87.000,0.000,0.000,0.000,4.000,0.000,0.000,0.000,0.000,6.000,0.000,0.000,0.000,0.000,0.000
1909954,AR_PM_PE_MT_20181025_Q05_human.jpg,Confirmed,100,0.000,0.000,0.000,5.000,79.000,0.000,0.000,0.000,4.000,0.000,0.000,0.000,0.000,7.000,5.000,0.000,0.000,0.000,0.000
1909949,AR_PM_PE_MT_20181025_Q06_human.jpg,Confirmed,100,0.000,0.000,0.000,2.000,81.000,0.000,0.000,0.000,1.000,0.000,5.000,0.000,0.000,6.000,5.000,0.000,0.000,0.000,0.000
1909948,AR_PM_PE_MT_20181025_Q07_human.jpg,Confirmed,100,0.000,0.000,0.000,0.000,93.000,0.000,0.000,0.000,1.000,0.000,2.000,0.000,0.000,3.000,1.000,0.000,0.000,0.000,0.000
1909943,AR_PM_PE_MT_20181025_Q08_human.jpg,Confirmed,100,0.000,0.000,0.000,0.000,83.000,0.000,0.000,0.000,9.000,0.000,0.000,0.000,0.000,8.000,0.000,0.000,0.000,0.000,0.000
1909942,AR_PM_PE_MT_20181025_Q09_human.jpg,Confirmed,100,0.000,0.000,0.000,3.000,93.000,0.000,0.000,0.000,1.000,0.000,0.000,0.000,0.000,3.000,0.000,0.000,0.000,0.000,0.000
1909937,AR_PM_PE_MT_20181025_Q10_human.jpg,Confirmed,100,0.000,0.000,0.000,0.000,95.000,0.000,0.000,0.000,1.000,0.000,4.000,0.000,0.000,0.000,0.000,0.000,0.000,0.000,0.000
1909986,AR_PM_PL_HT_20181026_Q01_human.jpg,Confirmed,100,0.000,0.000,0.000,0.000,0.000,0.000,0.000,1.000,92.000,0.000,0.000,0.000,0.000,0.000,6.000,0.000,0.000,0.000,1.000
1909987,AR_PM_PL_HT_20181026_Q02_human.jpg,Confirmed,100,0.000,0.000,0.000,0.000,0.000,0.000,0.000,0.000,88.000,0.000,0.000,0.000,0.000,2.000,10.000,0.000,0.000,0.000,0.000
1909982,AR_PM_PL_HT_20181026_Q03_human.jpg,Confirmed,100,0.000,0.000,0.000,0.000,0.000,0.000,0.000,0.000,93.000,0.000,0.000,0.000,0.000,2.000,3.000,0.000,0.000,0.000,2.000
1909981,AR_PM_PL_HT_20181026_Q04_human.jpg,Confirmed,100,0.000,0.000,0.000,0.000,0.000,0.000,0.000,1.000,93.000,0.000,0.000,0.000,0.000,1.000,4.000,0.000,0.000,0.000,1.000
1909977,AR_PM_PL_HT_20181026_Q05_human.jpg,Confirmed,100,0.000,0.000,0.000,0.000,0.000,0.000,0.000,1.000,88.000,0.000,0.000,0.000,0.000,0.000,11.000,0.000,0.000,0.000,0.000
1909978,AR_PM_PL_HT_20181026_Q06_human.jpg,Confirmed,100,0.000,0.000,0.000,0.000,0.000,0.000,0.000,0.000,73.000,0.000,0.000,0.000,0.000,0.000,27.000,0.000,0.000,0.000,0.000
1909972,AR_PM_PL_HT_20181026_Q07_human.jpg,Confirmed,100,0.000,0.000,0.000,0.000,0.000,0.000,0.000,0.000,61.000,0.000,0.000,0.000,0.000,0.000,38.000,0.000,0.000,0.000,1.000
1909971,AR_PM_PL_HT_20181026_Q08_human.jpg,Confirmed,100,0.000,0.000,0.000,0.000,0.000,0.000,0.000,0.000,21.000,0.000,0.000,0.000,0.000,0.000,76.000,0.000,0.000,0.000,3.000
1909966,AR_PM_PL_HT_20181026_Q09_human.jpg,Confirmed,100,0.000,0.000,0.000,0.000,0.000,0.000,0.000,0.000,36.000,0.000,0.000,0.000,0.000,2.000,59.000,0.000,0.000,0.000,3.000
1909965,AR_PM_PL_HT_20181026_Q10_human.jpg,Confirmed,100,0.000,0.000,0.000,0.000,0.000,0.000,0.000,0.000,55.000,0.000,0.000,0.000,0.000,0.000,45.000,0.000,0.000,0.000,0.000
1909960,AR_PM_PL_LT_20181026_Q01_human.jpg,Confirmed,100,0.000,0.000,0.000,0.000,0.000,0.000,0.000,0.000,0.000,0.000,17.000,0.000,0.000,0.000,3.000,0.000,0.000,19.000,61.000
1909959,AR_PM_PL_LT_20181026_Q02_human.jpg,Confirmed,100,0.000,0.000,0.000,0.000,0.000,0.000,0.000,0.000,0.000,0.000,18.000,0.000,0.000,8.000,4.000,0.000,0.000,0.000,70.000
1909955,AR_PM_PL_LT_20181026_Q03_human.jpg,Confirmed,100,0.000,0.000,0.000,0.000,0.000,0.000,0.000,0.000,0.000,0.000,15.000,0.000,0.000,0.000,5.000,0.000,0.000,0.000,80.000
1909953,AR_PM_PL_LT_20181026_Q04_human.jpg,Confirmed,100,0.000,0.000,0.000,0.000,0.000,0.000,0.000,0.000,2.000,0.000,10.000,0.000,0.000,0.000,5.000,0.000,0.000,11.000,72.000
1909950,AR_PM_PL_LT_20181026_Q05_human.jpg,Confirmed,100,0.000,0.000,0.000,0.000,0.000,0.000,0.000,0.000,1.000,0.000,35.000,0.000,0.000,0.000,4.000,0.000,0.000,0.000,60.000
1909947,AR_PM_PL_LT_20181026_Q06_human.jpg,Confirmed,100,0.000,0.000,0.000,0.000,0.000,0.000,0.000,0.000,0.000,0.000,29.000,0.000,0.000,0.000,9.000,0.000,0.000,2.000,60.000
1909944,AR_PM_PL_LT_20181026_Q07_human.jpg,Confirmed,100,0.000,0.000,0.000,0.000,0.000,0.000,0.000,0.000,0.000,0.000,11.000,0.000,0.000,0.000,8.000,0.000,0.000,0.000,81.000
1909941,AR_PM_PL_LT_20181026_Q08_human.jpg,Confirmed,100,0.000,0.000,0.000,0.000,1.000,0.000,0.000,0.000,2.000,0.000,24.000,0.000,0.000,0.000,9.000,0.000,0.000,0.000,64.000
1909938,AR_PM_PL_LT_20181026_Q09_human.jpg,Confirmed,100,0.000,0.000,0.000,0.000,0.000,0.000,0.000,0.000,0.000,0.000,16.000,0.000,0.000,0.000,10.000,0.000,0.000,3.000,71.000
1909935,AR_PM_PL_LT_20181026_Q10_human.jpg,Confirmed,100,0.000,0.000,0.000,0.000,3.000,0.000,0.000,0.000,4.000,0.000,24.000,0.000,0.000,1.000,10.000,1.000,0.000,3.000,54.000
1910016,AR_PM_PL_MT_20181026_Q01_human.jpg,Confirmed,100,0.000,0.000,0.000,0.000,73.000,0.000,0.000,0.000,2.000,0.000,7.000,0.000,0.000,1.000,6.000,0.000,0.000,0.000,11.000
1910015,AR_PM_PL_MT_20181026_Q02_human.jpg,Confirmed,100,0.000,0.000,0.000,0.000,64.000,0.000,0.000,0.000,6.000,0.000,2.000,0.000,0.000,10.000,15.000,0.000,0.000,0.000,3.000
1910011,AR_PM_PL_MT_20181026_Q03_human.jpg,Confirmed,100,0.000,0.000,0.000,1.000,39.000,0.000,0.000,0.000,22.000,0.000,0.000,0.000,0.000,21.000,16.000,0.000,0.000,0.000,1.000
1910010,AR_PM_PL_MT_20181026_Q04_human.jpg,Confirmed,100,0.000,0.000,0.000,0.000,50.000,0.000,0.000,0.000,13.000,0.000,0.000,0.000,0.000,30.000,4.000,0.000,0.000,0.000,3.000
1910005,AR_PM_PL_MT_20181026_Q05_human.jpg,Confirmed,100,0.000,0.000,0.000,0.000,89.000,0.000,0.000,0.000,0.000,0.000,5.000,0.000,0.000,0.000,2.000,0.000,0.000,0.000,4.000
1910006,AR_PM_PL_MT_20181026_Q06_human.jpg,Confirmed,100,0.000,0.000,0.000,0.000,82.000,0.000,0.000,0.000,7.000,0.000,3.000,0.000,0.000,4.000,1.000,0.000,0.000,0.000,3.000
1910001,AR_PM_PL_MT_20181026_Q07_human.jpg,Confirmed,100,0.000,0.000,0.000,1.000,74.000,0.000,0.000,0.000,1.000,0.000,14.000,0.000,0.000,5.000,0.000,0.000,0.000,0.000,5.000
1909999,AR_PM_PL_MT_20181026_Q08_human.jpg,Confirmed,100,0.000,0.000,0.000,0.000,94.000,0.000,0.000,0.000,1.000,0.000,2.000,0.000,0.000,1.000,2.000,0.000,0.000,0.000,0.000
1909993,AR_PM_PL_MT_20181026_Q09_human.jpg,Confirmed,100,0.000,0.000,0.000,0.000,93.000,0.000,0.000,0.000,0.000,0.000,3.000,0.000,0.000,3.000,0.000,0.000,0.000,0.000,1.000
1909992,AR_PM_PL_MT_20181026_Q10_human.jpg,Confirmed,100,0.000,0.000,0.000,0.000,90.000,0.000,0.000,0.000,4.000,0.000,3.000,0.000,0.000,1.000,1.000,0.000,0.000,0.000,1.000
1910019,CO_GI_LM_HT_20181014_Q01_human.jpg,Confirmed,100,0.000,0.000,0.000,0.000,0.000,0.000,0.000,0.000,100.000,0.000,0.000,0.000,0.000,0.000,0.000,0.000,0.000,0.000,0.000
1910018,CO_GI_LM_HT_20181014_Q02_human.jpg,Confirmed,100,0.000,0.000,0.000,0.000,0.000,0.000,0.000,0.000,100.000,0.000,0.000,0.000,0.000,0.000,0.000,0.000,0.000,0.000,0.000
1910017,CO_GI_LM_HT_20181014_Q03_human.jpg,Confirmed,100,0.000,0.000,0.000,0.000,0.000,1.000,0.000,0.000,99.000,0.000,0.000,0.000,0.000,0.000,0.000,0.000,0.000,0.000,0.000
1910014,CO_GI_LM_HT_20181014_Q04_human.jpg,Confirmed,100,0.000,0.000,0.000,0.000,0.000,1.000,0.000,0.000,99.000,0.000,0.000,0.000,0.000,0.000,0.000,0.000,0.000,0.000,0.000
1910013,CO_GI_LM_HT_20181014_Q05_human.jpg,Confirmed,100,0.000,0.000,0.000,0.000,0.000,0.000,0.000,0.000,100.000,0.000,0.000,0.000,0.000,0.000,0.000,0.000,0.000,0.000,0.000
1910012,CO_GI_LM_HT_20181014_Q06_human.jpg,Confirmed,100,0.000,0.000,0.000,0.000,0.000,0.000,0.000,0.000,100.000,0.000,0.000,0.000,0.000,0.000,0.000,0.000,0.000,0.000,0.000
1910009,CO_GI_LM_HT_20181014_Q07_human.jpg,Confirmed,100,0.000,0.000,0.000,0.000,0.000,0.000,0.000,0.000,100.000,0.000,0.000,0.000,0.000,0.000,0.000,0.000,0.000,0.000,0.000
1910008,CO_GI_LM_HT_20181014_Q08_human.jpg,Confirmed,100,0.000,0.000,0.000,0.000,0.000,0.000,0.000,0.000,100.000,0.000,0.000,0.000,0.000,0.000,0.000,0.000,0.000,0.000,0.000
1910007,CO_GI_LM_HT_20181014_Q09_human.jpg,Confirmed,100,0.000,0.000,0.000,0.000,0.000,3.000,0.000,0.000,97.000,0.000,0.000,0.000,0.000,0.000,0.000,0.000,0.000,0.000,0.000
1910004,CO_GI_LM_HT_20181014_Q10_human.jpg,Confirmed,100,0.000,0.000,0.000,0.000,0.000,1.000,0.000,0.000,99.000,0.000,0.000,0.000,0.000,0.000,0.000,0.000,0.000,0.000,0.000
1910029,CO_GI_LM_LT_20181014_Q01_human.jpg,Confirmed,100,0.000,0.000,0.000,0.000,0.000,1.000,0.000,0.000,98.000,0.000,0.000,0.000,0.000,1.000,0.000,0.000,0.000,0.000,0.000
1910028,CO_GI_LM_LT_20181014_Q02_human.jpg,Confirmed,100,0.000,0.000,0.000,0.000,0.000,0.000,0.000,0.000,92.000,0.000,0.000,0.000,0.000,2.000,6.000,0.000,0.000,0.000,0.000
1910027,CO_GI_LM_LT_20181014_Q03_human.jpg,Confirmed,100,0.000,0.000,0.000,0.000,0.000,0.000,0.000,0.000,74.000,0.000,0.000,0.000,0.000,11.000,15.000,0.000,0.000,0.000,0.000
1910026,CO_GI_LM_LT_20181014_Q04_human.jpg,Confirmed,100,0.000,0.000,0.000,0.000,0.000,0.000,0.000,0.000,98.000,0.000,0.000,0.000,0.000,0.000,2.000,0.000,0.000,0.000,0.000
1910024,CO_GI_LM_LT_20181014_Q05_human.jpg,Confirmed,100,0.000,0.000,0.000,0.000,0.000,1.000,0.000,0.000,68.000,0.000,0.000,0.000,0.000,31.000,0.000,0.000,0.000,0.000,0.000
1910025,CO_GI_LM_LT_20181014_Q06_human.jpg,Confirmed,100,0.000,0.000,0.000,0.000,0.000,0.000,0.000,0.000,80.000,0.000,0.000,0.000,0.000,20.000,0.000,0.000,0.000,0.000,0.000
1910023,CO_GI_LM_LT_20181014_Q07_human.jpg,Confirmed,100,0.000,0.000,0.000,0.000,0.000,0.000,0.000,0.000,73.000,1.000,0.000,0.000,0.000,24.000,2.000,0.000,0.000,0.000,0.000
1910022,CO_GI_LM_LT_20181014_Q08_human.jpg,Confirmed,100,0.000,0.000,0.000,0.000,0.000,0.000,0.000,0.000,70.000,0.000,0.000,0.000,0.000,30.000,0.000,0.000,0.000,0.000,0.000
1910020,CO_GI_LM_LT_20181014_Q09_human.jpg,Confirmed,100,0.000,0.000,0.000,0.000,0.000,0.000,0.000,0.000,100.000,0.000,0.000,0.000,0.000,0.000,0.000,0.000,0.000,0.000,0.000
1910021,CO_GI_LM_LT_20181014_Q10_human.jpg,Confirmed,100,0.000,0.000,0.000,0.000,0.000,0.000,0.000,0.000,64.000,0.000,0.000,0.000,0.000,34.000,2.000,0.000,0.000,0.000,0.000
1910039,CO_GI_LM_MT_20181014_Q01_human.jpg,Confirmed,100,0.000,0.000,0.000,0.000,0.000,0.000,0.000,0.000,100.000,0.000,0.000,0.000,0.000,0.000,0.000,0.000,0.000,0.000,0.000
1910038,CO_GI_LM_MT_20181014_Q02_human.jpg,Confirmed,100,0.000,0.000,0.000,0.000,0.000,1.000,0.000,0.000,98.000,0.000,0.000,0.000,0.000,1.000,0.000,0.000,0.000,0.000,0.000
1910037,CO_GI_LM_MT_20181014_Q03_human.jpg,Confirmed,100,0.000,0.000,0.000,0.000,0.000,0.000,0.000,0.000,93.000,0.000,0.000,0.000,0.000,7.000,0.000,0.000,0.000,0.000,0.000
1910036,CO_GI_LM_MT_20181014_Q04_human.jpg,Confirmed,100,0.000,0.000,0.000,0.000,0.000,0.000,0.000,0.000,97.000,0.000,0.000,0.000,0.000,3.000,0.000,0.000,0.000,0.000,0.000
1910035,CO_GI_LM_MT_20181014_Q05_human.jpg,Confirmed,100,0.000,0.000,0.000,0.000,0.000,0.000,0.000,0.000,100.000,0.000,0.000,0.000,0.000,0.000,0.000,0.000,0.000,0.000,0.000
1910034,CO_GI_LM_MT_20181014_Q06_human.jpg,Confirmed,100,0.000,0.000,0.000,0.000,0.000,0.000,0.000,0.000,98.000,0.000,0.000,0.000,0.000,2.000,0.000,0.000,0.000,0.000,0.000
1910033,CO_GI_LM_MT_20181014_Q07_human.jpg,Confirmed,100,0.000,0.000,0.000,0.000,0.000,0.000,0.000,0.000,86.000,0.000,0.000,0.000,0.000,13.000,1.000,0.000,0.000,0.000,0.000
1910032,CO_GI_LM_MT_20181014_Q08_human.jpg,Confirmed,100,0.000,0.000,0.000,0.000,0.000,0.000,0.000,0.000,84.000,0.000,0.000,0.000,0.000,16.000,0.000,0.000,0.000,0.000,0.000
1910031,CO_GI_LM_MT_20181014_Q09_human.jpg,Confirmed,100,0.000,0.000,0.000,0.000,0.000,0.000,0.000,0.000,77.000,0.000,0.000,0.000,0.000,23.000,0.000,0.000,0.000,0.000,0.000
1910030,CO_GI_LM_MT_20181014_Q10_human.jpg,Confirmed,100,0.000,0.000,0.000,0.000,0.000,0.000,0.000,0.000,54.000,0.000,0.000,0.000,0.000,40.000,6.000,0.000,0.000,0.000,0.000
1910088,CO_GI_LV_HT_20181010_Q01_human.jpg,Confirmed,100,0.000,0.000,0.000,0.000,0.000,0.000,0.000,0.000,98.000,0.000,0.000,0.000,0.000,2.000,0.000,0.000,0.000,0.000,0.000
1910089,CO_GI_LV_HT_20181010_Q02_human.jpg,Confirmed,100,0.000,0.000,0.000,0.000,0.000,0.000,0.000,0.000,100.000,0.000,0.000,0.000,0.000,0.000,0.000,0.000,0.000,0.000,0.000
1910087,CO_GI_LV_HT_20181010_Q03_human.jpg,Confirmed,100,0.000,0.000,0.000,0.000,0.000,4.000,0.000,0.000,96.000,0.000,0.000,0.000,0.000,0.000,0.000,0.000,0.000,0.000,0.000
1910086,CO_GI_LV_HT_20181010_Q04_human.jpg,Confirmed,100,0.000,0.000,0.000,0.000,0.000,3.000,0.000,0.000,88.000,9.000,0.000,0.000,0.000,0.000,0.000,0.000,0.000,0.000,0.000
1910085,CO_GI_LV_HT_20181010_Q05_human.jpg,Confirmed,100,0.000,0.000,0.000,0.000,0.000,0.000,0.000,0.000,100.000,0.000,0.000,0.000,0.000,0.000,0.000,0.000,0.000,0.000,0.000
1910084,CO_GI_LV_HT_20181010_Q06_human.jpg,Confirmed,100,0.000,0.000,0.000,0.000,0.000,3.000,0.000,0.000,97.000,0.000,0.000,0.000,0.000,0.000,0.000,0.000,0.000,0.000,0.000
1910083,CO_GI_LV_HT_20181010_Q07_human.jpg,Confirmed,100,0.000,0.000,0.000,0.000,0.000,1.000,0.000,0.000,99.000,0.000,0.000,0.000,0.000,0.000,0.000,0.000,0.000,0.000,0.000
1910082,CO_GI_LV_HT_20181010_Q08_human.jpg,Confirmed,100,0.000,0.000,0.000,0.000,0.000,1.000,0.000,0.000,99.000,0.000,0.000,0.000,0.000,0.000,0.000,0.000,0.000,0.000,0.000
1910081,CO_GI_LV_HT_20181010_Q09_human.jpg,Confirmed,100,0.000,0.000,0.000,0.000,0.000,0.000,0.000,0.000,100.000,0.000,0.000,0.000,0.000,0.000,0.000,0.000,0.000,0.000,0.000
1910080,CO_GI_LV_HT_20181010_Q10_human.jpg,Confirmed,100,0.000,0.000,0.000,0.000,0.000,1.000,0.000,0.000,99.000,0.000,0.000,0.000,0.000,0.000,0.000,0.000,0.000,0.000,0.000
1910069,CO_GI_LV_LT_20181011_Q01_human.jpg,Confirmed,100,0.000,0.000,0.000,0.000,0.000,0.000,0.000,0.000,22.000,0.000,0.000,0.000,0.000,1.000,77.000,0.000,0.000,0.000,0.000
1910068,CO_GI_LV_LT_20181011_Q02_human.jpg,Confirmed,100,0.000,0.000,0.000,0.000,0.000,0.000,0.000,0.000,48.000,0.000,0.000,0.000,0.000,52.000,0.000,0.000,0.000,0.000,0.000
1910067,CO_GI_LV_LT_20181011_Q03_human.jpg,Confirmed,100,0.000,0.000,0.000,0.000,0.000,0.000,0.000,0.000,19.000,0.000,0.000,0.000,0.000,13.000,68.000,0.000,0.000,0.000,0.000
1910066,CO_GI_LV_LT_20181011_Q04_human.jpg,Confirmed,100,0.000,0.000,0.000,0.000,0.000,0.000,0.000,0.000,21.000,0.000,3.000,0.000,0.000,3.000,73.000,0.000,0.000,0.000,0.000
1910065,CO_GI_LV_LT_20181011_Q05_human.jpg,Confirmed,100,0.000,0.000,0.000,0.000,0.000,0.000,0.000,0.000,20.000,0.000,0.000,0.000,0.000,24.000,56.000,0.000,0.000,0.000,0.000
1910064,CO_GI_LV_LT_20181011_Q06_human.jpg,Confirmed,100,0.000,0.000,0.000,0.000,0.000,0.000,0.000,0.000,2.000,1.000,26.000,0.000,0.000,20.000,50.000,1.000,0.000,0.000,0.000
1910063,CO_GI_LV_LT_20181011_Q07_human.jpg,Confirmed,100,0.000,0.000,0.000,0.000,0.000,0.000,0.000,0.000,3.000,0.000,8.000,0.000,0.000,74.000,15.000,0.000,0.000,0.000,0.000
1910062,CO_GI_LV_LT_20181011_Q08_human.jpg,Confirmed,100,0.000,0.000,0.000,0.000,0.000,0.000,0.000,0.000,18.000,0.000,3.000,0.000,0.000,5.000,74.000,0.000,0.000,0.000,0.000
1910061,CO_GI_LV_LT_20181011_Q09_human.jpg,Confirmed,100,0.000,0.000,0.000,0.000,0.000,0.000,0.000,0.000,39.000,0.000,2.000,0.000,0.000,3.000,53.000,3.000,0.000,0.000,0.000
1910060,CO_GI_LV_LT_20181011_Q10_human.jpg,Confirmed,100,0.000,0.000,0.000,0.000,0.000,0.000,0.000,0.000,0.000,0.000,35.000,0.000,0.000,65.000,0.000,0.000,0.000,0.000,0.000
1910079,CO_GI_LV_MT_20181010_Q01_human.jpg,Confirmed,100,0.000,0.000,0.000,1.000,0.000,1.000,0.000,0.000,91.000,0.000,0.000,0.000,0.000,7.000,0.000,0.000,0.000,0.000,0.000
1910078,CO_GI_LV_MT_20181010_Q02_human.jpg,Confirmed,100,0.000,0.000,0.000,4.000,0.000,0.000,0.000,0.000,60.000,0.000,0.000,0.000,0.000,36.000,0.000,0.000,0.000,0.000,0.000
1910077,CO_GI_LV_MT_20181010_Q03_human.jpg,Confirmed,100,0.000,0.000,0.000,0.000,0.000,0.000,0.000,0.000,23.000,0.000,0.000,0.000,0.000,55.000,22.000,0.000,0.000,0.000,0.000
1910076,CO_GI_LV_MT_20181010_Q04_human.jpg,Confirmed,100,0.000,0.000,0.000,0.000,0.000,0.000,0.000,0.000,61.000,0.000,0.000,0.000,0.000,39.000,0.000,0.000,0.000,0.000,0.000
1910075,CO_GI_LV_MT_20181010_Q05_human.jpg,Confirmed,100,0.000,0.000,0.000,0.000,0.000,0.000,0.000,0.000,53.000,0.000,2.000,0.000,0.000,19.000,26.000,0.000,0.000,0.000,0.000
1910074,CO_GI_LV_MT_20181010_Q06_human.jpg,Confirmed,100,0.000,0.000,0.000,0.000,0.000,0.000,0.000,0.000,68.000,0.000,0.000,0.000,0.000,32.000,0.000,0.000,0.000,0.000,0.000
1910073,CO_GI_LV_MT_20181010_Q07_human.jpg,Confirmed,100,0.000,0.000,0.000,0.000,0.000,0.000,0.000,0.000,79.000,0.000,0.000,0.000,0.000,21.000,0.000,0.000,0.000,0.000,0.000
1910072,CO_GI_LV_MT_20181010_Q08_human.jpg,Confirmed,100,0.000,0.000,0.000,0.000,0.000,0.000,0.000,0.000,76.000,0.000,0.000,0.000,0.000,23.000,1.000,0.000,0.000,0.000,0.000
1910071,CO_GI_LV_MT_20181010_Q09_human.jpg,Confirmed,100,0.000,0.000,0.000,0.000,0.000,0.000,0.000,0.000,92.000,0.000,0.000,0.000,0.000,8.000,0.000,0.000,0.000,0.000,0.000
1910070,CO_GI_LV_MT_20181010_Q10_human.jpg,Confirmed,100,0.000,0.000,0.000,0.000,0.000,6.000,0.000,0.000,76.000,0.000,0.000,0.000,0.000,18.000,0.000,0.000,0.000,0.000,0.000
1910059,CO_GI_PV_HT_20181012_Q01_human.jpg,Confirmed,100,0.000,0.000,0.000,0.000,0.000,0.000,0.000,0.000,100.000,0.000,0.000,0.000,0.000,0.000,0.000,0.000,0.000,0.000,0.000
1910058,CO_GI_PV_HT_20181012_Q02_human.jpg,Confirmed,100,0.000,0.000,0.000,0.000,0.000,0.000,0.000,0.000,100.000,0.000,0.000,0.000,0.000,0.000,0.000,0.000,0.000,0.000,0.000
1910057,CO_GI_PV_HT_20181012_Q03_human.jpg,Confirmed,100,0.000,0.000,0.000,0.000,0.000,2.000,0.000,0.000,98.000,0.000,0.000,0.000,0.000,0.000,0.000,0.000,0.000,0.000,0.000
1910056,CO_GI_PV_HT_20181012_Q04_human.jpg,Confirmed,100,0.000,0.000,0.000,0.000,0.000,0.000,0.000,0.000,100.000,0.000,0.000,0.000,0.000,0.000,0.000,0.000,0.000,0.000,0.000
1910055,CO_GI_PV_HT_20181012_Q05_human.jpg,Confirmed,100,0.000,0.000,0.000,0.000,0.000,1.000,0.000,0.000,99.000,0.000,0.000,0.000,0.000,0.000,0.000,0.000,0.000,0.000,0.000
1910054,CO_GI_PV_HT_20181012_Q06_human.jpg,Confirmed,100,0.000,0.000,0.000,0.000,0.000,1.000,0.000,0.000,99.000,0.000,0.000,0.000,0.000,0.000,0.000,0.000,0.000,0.000,0.000
1910053,CO_GI_PV_HT_20181012_Q07_human.jpg,Confirmed,100,0.000,0.000,0.000,0.000,0.000,1.000,0.000,0.000,99.000,0.000,0.000,0.000,0.000,0.000,0.000,0.000,0.000,0.000,0.000
1910052,CO_GI_PV_HT_20181012_Q08_human.jpg,Confirmed,100,0.000,0.000,0.000,0.000,0.000,0.000,0.000,0.000,99.000,1.000,0.000,0.000,0.000,0.000,0.000,0.000,0.000,0.000,0.000
1910051,CO_GI_PV_HT_20181012_Q09_human.jpg,Confirmed,100,0.000,0.000,0.000,0.000,0.000,0.000,0.000,0.000,100.000,0.000,0.000,0.000,0.000,0.000,0.000,0.000,0.000,0.000,0.000
1910050,CO_GI_PV_HT_20181012_Q10_human.jpg,Confirmed,100,0.000,0.000,0.000,0.000,0.000,0.000,0.000,0.000,100.000,0.000,0.000,0.000,0.000,0.000,0.000,0.000,0.000,0.000,0.000
1910003,CO_GI_PV_LT_20181012_Q01_human.jpg,Confirmed,100,0.000,0.000,0.000,0.000,0.000,0.000,0.000,6.000,84.000,0.000,0.000,0.000,0.000,10.000,0.000,0.000,0.000,0.000,0.000
1910002,CO_GI_PV_LT_20181012_Q02_human.jpg,Confirmed,100,0.000,0.000,0.000,0.000,0.000,0.000,0.000,0.000,89.000,0.000,0.000,0.000,0.000,11.000,0.000,0.000,0.000,0.000,0.000
1910000,CO_GI_PV_LT_20181012_Q03_human.jpg,Confirmed,100,0.000,0.000,0.000,0.000,0.000,0.000,0.000,0.000,99.000,0.000,0.000,0.000,0.000,0.000,1.000,0.000,0.000,0.000,0.000
1909997,CO_GI_PV_LT_20181012_Q04_human.jpg,Confirmed,100,0.000,0.000,0.000,0.000,0.000,0.000,0.000,0.000,85.000,0.000,0.000,0.000,0.000,9.000,6.000,0.000,0.000,0.000,0.000
1909995,CO_GI_PV_LT_20181012_Q05_human.jpg,Confirmed,100,0.000,0.000,0.000,1.000,0.000,0.000,0.000,0.000,75.000,0.000,0.000,0.000,0.000,24.000,0.000,0.000,0.000,0.000,0.000
1909994,CO_GI_PV_LT_20181012_Q06_human.jpg,Confirmed,100,0.000,0.000,0.000,0.000,0.000,0.000,0.000,0.000,88.000,0.000,0.000,0.000,0.000,5.000,7.000,0.000,0.000,0.000,0.000
1909990,CO_GI_PV_LT_20181012_Q07_human.jpg,Confirmed,100,0.000,0.000,0.000,0.000,0.000,0.000,0.000,0.000,60.000,0.000,0.000,0.000,0.000,40.000,0.000,0.000,0.000,0.000,0.000
1909988,CO_GI_PV_LT_20181012_Q08_human.jpg,Confirmed,100,0.000,0.000,0.000,0.000,0.000,0.000,0.000,0.000,71.000,0.000,0.000,0.000,0.000,29.000,0.000,0.000,0.000,0.000,0.000
1909983,CO_GI_PV_LT_20181012_Q09_human.jpg,Confirmed,100,0.000,0.000,0.000,0.000,0.000,0.000,0.000,0.000,68.000,0.000,0.000,0.000,0.000,32.000,0.000,0.000,0.000,0.000,0.000
1909984,CO_GI_PV_LT_20181012_Q10_human.jpg,Confirmed,100,0.000,0.000,0.000,0.000,0.000,0.000,0.000,0.000,41.000,0.000,0.000,0.000,0.000,59.000,0.000,0.000,0.000,0.000,0.000
1910049,CO_GI_PV_MT_20181012_Q01_human.jpg,Confirmed,100,0.000,0.000,0.000,0.000,0.000,0.000,0.000,41.000,59.000,0.000,0.000,0.000,0.000,0.000,0.000,0.000,0.000,0.000,0.000
1910048,CO_GI_PV_MT_20181012_Q02_human.jpg,Confirmed,100,0.000,0.000,0.000,0.000,0.000,0.000,0.000,0.000,100.000,0.000,0.000,0.000,0.000,0.000,0.000,0.000,0.000,0.000,0.000
1910047,CO_GI_PV_MT_20181012_Q03_human.jpg,Confirmed,100,0.000,0.000,0.000,0.000,0.000,0.000,0.000,68.000,25.000,0.000,0.000,0.000,0.000,7.000,0.000,0.000,0.000,0.000,0.000
1910046,CO_GI_PV_MT_20181012_Q04_human.jpg,Confirmed,100,0.000,0.000,0.000,0.000,0.000,0.000,0.000,8.000,56.000,0.000,0.000,0.000,0.000,34.000,2.000,0.000,0.000,0.000,0.000
1910045,CO_GI_PV_MT_20181012_Q05_human.jpg,Confirmed,100,0.000,0.000,0.000,0.000,0.000,0.000,0.000,6.000,82.000,0.000,0.000,0.000,0.000,12.000,0.000,0.000,0.000,0.000,0.000
1910044,CO_GI_PV_MT_20181012_Q06_human.jpg,Confirmed,100,0.000,0.000,0.000,0.000,0.000,0.000,0.000,0.000,100.000,0.000,0.000,0.000,0.000,0.000,0.000,0.000,0.000,0.000,0.000
1910043,CO_GI_PV_MT_20181012_Q07_human.jpg,Confirmed,100,0.000,0.000,0.000,0.000,0.000,0.000,0.000,17.000,50.000,0.000,0.000,0.000,0.000,31.000,2.000,0.000,0.000,0.000,0.000
1910042,CO_GI_PV_MT_20181012_Q08_human.jpg,Confirmed,100,0.000,0.000,0.000,0.000,0.000,0.000,0.000,20.000,51.000,0.000,0.000,0.000,0.000,29.000,0.000,0.000,0.000,0.000,0.000
1910041,CO_GI_PV_MT_20181012_Q09_human.jpg,Confirmed,100,0.000,0.000,0.000,0.000,0.000,0.000,0.000,25.000,59.000,1.000,0.000,0.000,0.000,15.000,0.000,0.000,0.000,0.000,0.000
1910040,CO_GI_PV_MT_20181012_Q10_human.jpg,Confirmed,100,0.000,0.000,0.000,0.000,0.000,0.000,0.000,13.000,79.000,0.000,0.000,0.000,0.000,8.000,0.000,0.000,0.000,0.000,0.000
1910178,EC_SX_CD_HT_20190327_Q01_human.jpg,Confirmed,100,0.000,0.000,0.000,0.000,0.000,0.000,0.000,0.000,100.000,0.000,0.000,0.000,0.000,0.000,0.000,0.000,0.000,0.000,0.000
1910179,EC_SX_CD_HT_20190327_Q02_human.jpg,Confirmed,100,0.000,0.000,0.000,0.000,0.000,0.000,0.000,0.000,100.000,0.000,0.000,0.000,0.000,0.000,0.000,0.000,0.000,0.000,0.000
1910177,EC_SX_CD_HT_20190327_Q03_human.jpg,Confirmed,100,0.000,0.000,0.000,0.000,0.000,0.000,0.000,0.000,100.000,0.000,0.000,0.000,0.000,0.000,0.000,0.000,0.000,0.000,0.000
1910176,EC_SX_CD_HT_20190327_Q04_human.jpg,Confirmed,100,0.000,0.000,0.000,0.000,0.000,0.000,0.000,0.000,100.000,0.000,0.000,0.000,0.000,0.000,0.000,0.000,0.000,0.000,0.000
1910175,EC_SX_CD_HT_20190327_Q05_human.jpg,Confirmed,100,0.000,0.000,0.000,0.000,0.000,0.000,0.000,0.000,100.000,0.000,0.000,0.000,0.000,0.000,0.000,0.000,0.000,0.000,0.000
1910173,EC_SX_CD_HT_20190327_Q06_human.jpg,Confirmed,100,0.000,0.000,0.000,0.000,0.000,0.000,0.000,0.000,100.000,0.000,0.000,0.000,0.000,0.000,0.000,0.000,0.000,0.000,0.000
1910174,EC_SX_CD_HT_20190327_Q07_human.jpg,Confirmed,100,0.000,0.000,0.000,0.000,0.000,0.000,0.000,0.000,100.000,0.000,0.000,0.000,0.000,0.000,0.000,0.000,0.000,0.000,0.000
1910172,EC_SX_CD_HT_20190327_Q08_human.jpg,Confirmed,100,0.000,0.000,0.000,0.000,0.000,0.000,0.000,0.000,100.000,0.000,0.000,0.000,0.000,0.000,0.000,0.000,0.000,0.000,0.000
1910171,EC_SX_CD_HT_20190327_Q09_human.jpg,Confirmed,100,0.000,0.000,0.000,0.000,0.000,0.000,0.000,0.000,96.000,4.000,0.000,0.000,0.000,0.000,0.000,0.000,0.000,0.000,0.000
1910170,EC_SX_CD_HT_20190327_Q10_human.jpg,Confirmed,100,0.000,0.000,0.000,0.000,0.000,0.000,0.000,0.000,97.000,0.000,0.000,0.000,0.000,0.000,3.000,0.000,0.000,0.000,0.000
1910158,EC_SX_CD_LT_20190327_Q01_human.jpg,Confirmed,100,0.000,0.000,0.000,0.000,0.000,0.000,0.000,0.000,89.000,5.000,0.000,0.000,0.000,6.000,0.000,0.000,0.000,0.000,0.000
1910160,EC_SX_CD_LT_20190327_Q02_human.jpg,Confirmed,100,0.000,1.000,0.000,0.000,0.000,0.000,0.000,0.000,85.000,9.000,0.000,0.000,0.000,5.000,0.000,0.000,0.000,0.000,0.000
1910157,EC_SX_CD_LT_20190327_Q03_human.jpg,Confirmed,100,0.000,0.000,0.000,0.000,0.000,0.000,0.000,0.000,96.000,0.000,0.000,0.000,0.000,4.000,0.000,0.000,0.000,0.000,0.000
1910155,EC_SX_CD_LT_20190327_Q04_human.jpg,Confirmed,100,0.000,0.000,0.000,0.000,0.000,0.000,0.000,0.000,98.000,0.000,0.000,0.000,0.000,2.000,0.000,0.000,0.000,0.000,0.000
1910156,EC_SX_CD_LT_20190327_Q05_human.jpg,Confirmed,100,0.000,0.000,0.000,0.000,0.000,0.000,0.000,0.000,86.000,3.000,0.000,0.000,0.000,11.000,0.000,0.000,0.000,0.000,0.000
1910153,EC_SX_CD_LT_20190327_Q06_human.jpg,Confirmed,100,0.000,4.000,0.000,0.000,0.000,0.000,0.000,0.000,89.000,5.000,0.000,0.000,0.000,2.000,0.000,0.000,0.000,0.000,0.000
1910154,EC_SX_CD_LT_20190327_Q07_human.jpg,Confirmed,100,0.000,0.000,0.000,0.000,0.000,0.000,0.000,0.000,78.000,5.000,0.000,0.000,0.000,17.000,0.000,0.000,0.000,0.000,0.000
1910152,EC_SX_CD_LT_20190327_Q08_human.jpg,Confirmed,100,0.000,0.000,0.000,0.000,0.000,0.000,0.000,0.000,58.000,0.000,0.000,0.000,0.000,42.000,0.000,0.000,0.000,0.000,0.000
1910151,EC_SX_CD_LT_20190327_Q09_human.jpg,Confirmed,100,0.000,0.000,0.000,0.000,0.000,0.000,0.000,8.000,76.000,0.000,0.000,0.000,0.000,16.000,0.000,0.000,0.000,0.000,0.000
1910150,EC_SX_CD_LT_20190327_Q10_human.jpg,Confirmed,100,0.000,0.000,0.000,0.000,0.000,0.000,0.000,0.000,74.000,2.000,0.000,0.000,0.000,11.000,11.000,0.000,0.000,0.000,2.000
1910169,EC_SX_CD_MT_20190327_Q01_human.jpg,Confirmed,100,0.000,0.000,0.000,0.000,0.000,0.000,0.000,0.000,94.000,0.000,0.000,0.000,0.000,5.000,1.000,0.000,0.000,0.000,0.000
1910168,EC_SX_CD_MT_20190327_Q02_human.jpg,Confirmed,100,0.000,0.000,0.000,0.000,0.000,0.000,0.000,0.000,100.000,0.000,0.000,0.000,0.000,0.000,0.000,0.000,0.000,0.000,0.000
1910167,EC_SX_CD_MT_20190327_Q03_human.jpg,Confirmed,100,0.000,0.000,0.000,0.000,0.000,0.000,0.000,0.000,98.000,0.000,0.000,0.000,0.000,2.000,0.000,0.000,0.000,0.000,0.000
1910166,EC_SX_CD_MT_20190327_Q04_human.jpg,Confirmed,100,0.000,0.000,0.000,0.000,0.000,0.000,0.000,0.000,98.000,2.000,0.000,0.000,0.000,0.000,0.000,0.000,0.000,0.000,0.000
1910165,EC_SX_CD_MT_20190327_Q05_human.jpg,Confirmed,100,0.000,0.000,0.000,0.000,0.000,0.000,0.000,0.000,98.000,0.000,0.000,0.000,0.000,2.000,0.000,0.000,0.000,0.000,0.000
1910163,EC_SX_CD_MT_20190327_Q06_human.jpg,Confirmed,100,0.000,0.000,0.000,0.000,0.000,0.000,0.000,0.000,100.000,0.000,0.000,0.000,0.000,0.000,0.000,0.000,0.000,0.000,0.000
1910164,EC_SX_CD_MT_20190327_Q07_human.jpg,Confirmed,100,0.000,0.000,0.000,0.000,0.000,0.000,0.000,0.000,97.000,0.000,0.000,0.000,0.000,3.000,0.000,0.000,0.000,0.000,0.000
1910161,EC_SX_CD_MT_20190327_Q08_human.jpg,Confirmed,100,0.000,0.000,0.000,0.000,0.000,0.000,0.000,0.000,98.000,0.000,0.000,0.000,0.000,2.000,0.000,0.000,0.000,0.000,0.000
1910162,EC_SX_CD_MT_20190327_Q09_human.jpg,Confirmed,100,0.000,0.000,0.000,0.000,0.000,0.000,0.000,0.000,100.000,0.000,0.000,0.000,0.000,0.000,0.000,0.000,0.000,0.000,0.000
1910159,EC_SX_CD_MT_20190327_Q10_human.jpg,Confirmed,100,0.000,0.000,0.000,0.000,0.000,0.000,0.000,0.000,98.000,0.000,0.000,0.000,0.000,2.000,0.000,0.000,0.000,0.000,0.000
1910129,EC_SX_RA_HT_20190328_Q01_human.jpg,Confirmed,100,0.000,0.000,0.000,0.000,0.000,0.000,0.000,0.000,100.000,0.000,0.000,0.000,0.000,0.000,0.000,0.000,0.000,0.000,0.000
1910128,EC_SX_RA_HT_20190328_Q02_human.jpg,Confirmed,100,0.000,0.000,0.000,0.000,0.000,0.000,0.000,0.000,100.000,0.000,0.000,0.000,0.000,0.000,0.000,0.000,0.000,0.000,0.000
1910127,EC_SX_RA_HT_20190328_Q03_human.jpg,Confirmed,100,0.000,0.000,0.000,0.000,0.000,0.000,0.000,0.000,100.000,0.000,0.000,0.000,0.000,0.000,0.000,0.000,0.000,0.000,0.000
1910126,EC_SX_RA_HT_20190328_Q04_human.jpg,Confirmed,100,0.000,0.000,0.000,0.000,0.000,0.000,0.000,0.000,100.000,0.000,0.000,0.000,0.000,0.000,0.000,0.000,0.000,0.000,0.000
1910125,EC_SX_RA_HT_20190328_Q05_human.jpg,Confirmed,100,0.000,0.000,0.000,0.000,0.000,0.000,0.000,0.000,100.000,0.000,0.000,0.000,0.000,0.000,0.000,0.000,0.000,0.000,0.000
1910124,EC_SX_RA_HT_20190328_Q06_human.jpg,Confirmed,100,0.000,0.000,0.000,0.000,0.000,0.000,0.000,0.000,100.000,0.000,0.000,0.000,0.000,0.000,0.000,0.000,0.000,0.000,0.000
1910123,EC_SX_RA_HT_20190328_Q07_human.jpg,Confirmed,100,0.000,0.000,0.000,0.000,0.000,0.000,0.000,0.000,100.000,0.000,0.000,0.000,0.000,0.000,0.000,0.000,0.000,0.000,0.000
1910122,EC_SX_RA_HT_20190328_Q08_human.jpg,Confirmed,100,0.000,0.000,0.000,0.000,0.000,0.000,0.000,0.000,100.000,0.000,0.000,0.000,0.000,0.000,0.000,0.000,0.000,0.000,0.000
1910121,EC_SX_RA_HT_20190328_Q09_human.jpg,Confirmed,100,0.000,0.000,0.000,0.000,0.000,0.000,0.000,0.000,100.000,0.000,0.000,0.000,0.000,0.000,0.000,0.000,0.000,0.000,0.000
1910120,EC_SX_RA_HT_20190328_Q10_human.jpg,Confirmed,100,0.000,0.000,0.000,0.000,0.000,0.000,0.000,0.000,100.000,0.000,0.000,0.000,0.000,0.000,0.000,0.000,0.000,0.000,0.000
1910149,EC_SX_RA_LT_20190328_Q01_human.jpg,Confirmed,100,0.000,0.000,0.000,0.000,0.000,0.000,0.000,0.000,57.000,0.000,0.000,0.000,0.000,0.000,34.000,0.000,0.000,0.000,9.000
1910148,EC_SX_RA_LT_20190328_Q02_human.jpg,Confirmed,100,0.000,0.000,0.000,0.000,0.000,0.000,0.000,0.000,93.000,0.000,0.000,0.000,0.000,7.000,0.000,0.000,0.000,0.000,0.000
1910147,EC_SX_RA_LT_20190328_Q03_human.jpg,Confirmed,100,0.000,0.000,0.000,4.000,0.000,0.000,0.000,0.000,93.000,0.000,0.000,0.000,0.000,3.000,0.000,0.000,0.000,0.000,0.000
1910146,EC_SX_RA_LT_20190328_Q04_human.jpg,Confirmed,100,0.000,0.000,0.000,1.000,0.000,0.000,0.000,0.000,79.000,13.000,0.000,0.000,0.000,5.000,2.000,0.000,0.000,0.000,0.000
1910145,EC_SX_RA_LT_20190328_Q05_human.jpg,Confirmed,100,0.000,0.000,1.000,0.000,0.000,0.000,0.000,0.000,91.000,0.000,0.000,0.000,0.000,4.000,4.000,0.000,0.000,0.000,0.000
1910144,EC_SX_RA_LT_20190328_Q06_human.jpg,Confirmed,100,0.000,0.000,0.000,0.000,0.000,0.000,0.000,0.000,37.000,0.000,0.000,0.000,0.000,0.000,63.000,0.000,0.000,0.000,0.000
1910142,EC_SX_RA_LT_20190328_Q07_human.jpg,Confirmed,100,0.000,0.000,0.000,0.000,0.000,0.000,0.000,0.000,78.000,4.000,0.000,0.000,0.000,2.000,16.000,0.000,0.000,0.000,0.000
1910143,EC_SX_RA_LT_20190328_Q08_human.jpg,Confirmed,100,0.000,0.000,0.000,0.000,0.000,0.000,0.000,0.000,55.000,5.000,0.000,0.000,0.000,4.000,36.000,0.000,0.000,0.000,0.000
1910140,EC_SX_RA_LT_20190328_Q09_human.jpg,Confirmed,100,0.000,0.000,0.000,1.000,0.000,0.000,0.000,0.000,84.000,0.000,0.000,0.000,0.000,11.000,4.000,0.000,0.000,0.000,0.000
1910141,EC_SX_RA_LT_20190328_Q10_human.jpg,Confirmed,100,0.000,0.000,0.000,0.000,0.000,0.000,0.000,0.000,16.000,0.000,0.000,0.000,0.000,0.000,84.000,0.000,0.000,0.000,0.000
1910139,EC_SX_RA_MT_20190328_Q01_human.jpg,Confirmed,100,0.000,0.000,0.000,0.000,0.000,0.000,0.000,0.000,26.000,0.000,0.000,0.000,0.000,0.000,74.000,0.000,0.000,0.000,0.000
1910138,EC_SX_RA_MT_20190328_Q02_human.jpg,Confirmed,100,0.000,0.000,0.000,0.000,0.000,0.000,0.000,0.000,96.000,0.000,0.000,0.000,0.000,0.000,4.000,0.000,0.000,0.000,0.000
1910137,EC_SX_RA_MT_20190328_Q03_human.jpg,Confirmed,100,0.000,0.000,0.000,0.000,0.000,0.000,0.000,0.000,50.000,2.000,0.000,0.000,0.000,8.000,40.000,0.000,0.000,0.000,0.000
1910136,EC_SX_RA_MT_20190328_Q04_human.jpg,Confirmed,100,0.000,0.000,0.000,0.000,0.000,0.000,0.000,0.000,98.000,0.000,0.000,0.000,0.000,2.000,0.000,0.000,0.000,0.000,0.000
1910135,EC_SX_RA_MT_20190328_Q05_human.jpg,Confirmed,100,0.000,0.000,0.000,0.000,0.000,0.000,0.000,0.000,100.000,0.000,0.000,0.000,0.000,0.000,0.000,0.000,0.000,0.000,0.000
1910134,EC_SX_RA_MT_20190328_Q06_human.jpg,Confirmed,100,0.000,0.000,0.000,0.000,0.000,0.000,0.000,0.000,94.000,0.000,0.000,0.000,0.000,6.000,0.000,0.000,0.000,0.000,0.000
1910133,EC_SX_RA_MT_20190328_Q07_human.jpg,Confirmed,100,0.000,0.000,0.000,0.000,0.000,0.000,0.000,0.000,100.000,0.000,0.000,0.000,0.000,0.000,0.000,0.000,0.000,0.000,0.000
1910131,EC_SX_RA_MT_20190328_Q08_human.jpg,Confirmed,100,0.000,0.000,5.000,0.000,0.000,0.000,0.000,0.000,43.000,0.000,0.000,0.000,0.000,0.000,52.000,0.000,0.000,0.000,0.000
1910132,EC_SX_RA_MT_20190328_Q09_human.jpg,Confirmed,100,0.000,0.000,0.000,0.000,0.000,0.000,0.000,0.000,13.000,1.000,0.000,0.000,0.000,0.000,85.000,0.000,0.000,0.000,1.000
1910130,EC_SX_RA_MT_20190328_Q10_human.jpg,Confirmed,100,0.000,0.000,0.000,0.000,0.000,0.000,0.000,0.000,55.000,0.000,0.000,0.000,0.000,0.000,45.000,0.000,0.000,0.000,0.000
1910099,EC_SX_TO_HT_20190329_Q01_human.jpg,Confirmed,100,0.000,0.000,0.000,0.000,0.000,0.000,0.000,0.000,100.000,0.000,0.000,0.000,0.000,0.000,0.000,0.000,0.000,0.000,0.000
1910098,EC_SX_TO_HT_20190329_Q02_human.jpg,Confirmed,100,0.000,0.000,0.000,0.000,0.000,0.000,0.000,0.000,100.000,0.000,0.000,0.000,0.000,0.000,0.000,0.000,0.000,0.000,0.000
1910097,EC_SX_TO_HT_20190329_Q03_human.jpg,Confirmed,100,0.000,0.000,0.000,0.000,0.000,0.000,0.000,0.000,100.000,0.000,0.000,0.000,0.000,0.000,0.000,0.000,0.000,0.000,0.000
1910096,EC_SX_TO_HT_20190329_Q04_human.jpg,Confirmed,100,0.000,0.000,0.000,0.000,0.000,0.000,0.000,0.000,100.000,0.000,0.000,0.000,0.000,0.000,0.000,0.000,0.000,0.000,0.000
1910095,EC_SX_TO_HT_20190329_Q05_human.jpg,Confirmed,100,0.000,0.000,0.000,0.000,0.000,0.000,0.000,0.000,100.000,0.000,0.000,0.000,0.000,0.000,0.000,0.000,0.000,0.000,0.000
1910094,EC_SX_TO_HT_20190329_Q06_human.jpg,Confirmed,100,0.000,0.000,0.000,0.000,0.000,0.000,0.000,0.000,100.000,0.000,0.000,0.000,0.000,0.000,0.000,0.000,0.000,0.000,0.000
1910093,EC_SX_TO_HT_20190329_Q07_human.jpg,Confirmed,100,0.000,0.000,0.000,0.000,0.000,0.000,0.000,0.000,100.000,0.000,0.000,0.000,0.000,0.000,0.000,0.000,0.000,0.000,0.000
1910092,EC_SX_TO_HT_20190329_Q08_human.jpg,Confirmed,100,0.000,0.000,0.000,0.000,0.000,0.000,0.000,0.000,100.000,0.000,0.000,0.000,0.000,0.000,0.000,0.000,0.000,0.000,0.000
1910091,EC_SX_TO_HT_20190329_Q09_human.jpg,Confirmed,100,0.000,0.000,0.000,0.000,0.000,0.000,0.000,0.000,100.000,0.000,0.000,0.000,0.000,0.000,0.000,0.000,0.000,0.000,0.000
1910090,EC_SX_TO_HT_20190329_Q10_human.jpg,Confirmed,100,0.000,0.000,0.000,0.000,0.000,0.000,0.000,0.000,100.000,0.000,0.000,0.000,0.000,0.000,0.000,0.000,0.000,0.000,0.000
1910119,EC_SX_TO_LT_20190329_Q01_human.jpg,Confirmed,100,0.000,0.000,0.000,0.000,0.000,0.000,0.000,0.000,84.000,1.000,0.000,0.000,0.000,15.000,0.000,0.000,0.000,0.000,0.000
1910118,EC_SX_TO_LT_20190329_Q02_human.jpg,Confirmed,100,0.000,0.000,0.000,0.000,0.000,0.000,0.000,0.000,86.000,0.000,0.000,0.000,0.000,14.000,0.000,0.000,0.000,0.000,0.000
1910117,EC_SX_TO_LT_20190329_Q03_human.jpg,Confirmed,100,0.000,0.000,0.000,0.000,0.000,0.000,0.000,0.000,70.000,6.000,0.000,0.000,0.000,23.000,1.000,0.000,0.000,0.000,0.000
1910116,EC_SX_TO_LT_20190329_Q04_human.jpg,Confirmed,100,0.000,0.000,0.000,0.000,0.000,0.000,0.000,0.000,77.000,7.000,0.000,0.000,0.000,14.000,2.000,0.000,0.000,0.000,0.000
1910115,EC_SX_TO_LT_20190329_Q05_human.jpg,Confirmed,100,0.000,0.000,0.000,0.000,0.000,0.000,0.000,0.000,69.000,1.000,0.000,0.000,0.000,30.000,0.000,0.000,0.000,0.000,0.000
1910114,EC_SX_TO_LT_20190329_Q06_human.jpg,Confirmed,100,0.000,0.000,0.000,0.000,0.000,0.000,0.000,0.000,50.000,5.000,0.000,0.000,0.000,45.000,0.000,0.000,0.000,0.000,0.000
1910113,EC_SX_TO_LT_20190329_Q07_human.jpg,Confirmed,100,0.000,0.000,0.000,0.000,0.000,0.000,0.000,0.000,89.000,0.000,0.000,0.000,0.000,11.000,0.000,0.000,0.000,0.000,0.000
1910112,EC_SX_TO_LT_20190329_Q08_human.jpg,Confirmed,100,0.000,0.000,0.000,0.000,0.000,0.000,0.000,0.000,79.000,3.000,0.000,0.000,0.000,18.000,0.000,0.000,0.000,0.000,0.000
1910111,EC_SX_TO_LT_20190329_Q09_human.jpg,Confirmed,100,0.000,0.000,0.000,0.000,0.000,0.000,0.000,0.000,69.000,10.000,0.000,0.000,0.000,21.000,0.000,0.000,0.000,0.000,0.000
1910110,EC_SX_TO_LT_20190329_Q10_human.jpg,Confirmed,100,0.000,0.000,0.000,0.000,0.000,0.000,0.000,0.000,94.000,0.000,0.000,0.000,0.000,6.000,0.000,0.000,0.000,0.000,0.000
1910109,EC_SX_TO_MT_20190329_Q01_human.jpg,Confirmed,100,0.000,0.000,0.000,0.000,0.000,0.000,0.000,0.000,74.000,0.000,0.000,0.000,0.000,26.000,0.000,0.000,0.000,0.000,0.000
1910108,EC_SX_TO_MT_20190329_Q02_human.jpg,Confirmed,100,0.000,0.000,0.000,0.000,0.000,0.000,0.000,0.000,87.000,1.000,0.000,0.000,0.000,12.000,0.000,0.000,0.000,0.000,0.000
1910107,EC_SX_TO_MT_20190329_Q03_human.jpg,Confirmed,100,0.000,0.000,0.000,0.000,0.000,0.000,0.000,0.000,51.000,0.000,0.000,0.000,0.000,49.000,0.000,0.000,0.000,0.000,0.000
1910106,EC_SX_TO_MT_20190329_Q04_human.jpg,Confirmed,100,0.000,0.000,0.000,0.000,0.000,0.000,0.000,0.000,18.000,0.000,0.000,0.000,0.000,82.000,0.000,0.000,0.000,0.000,0.000
1910105,EC_SX_TO_MT_20190329_Q05_human.jpg,Confirmed,100,0.000,0.000,0.000,0.000,0.000,0.000,0.000,0.000,52.000,0.000,0.000,0.000,0.000,48.000,0.000,0.000,0.000,0.000,0.000
1910104,EC_SX_TO_MT_20190329_Q06_human.jpg,Confirmed,100,0.000,0.000,0.000,0.000,0.000,0.000,0.000,0.000,46.000,0.000,0.000,0.000,0.000,54.000,0.000,0.000,0.000,0.000,0.000
1910103,EC_SX_TO_MT_20190329_Q07_human.jpg,Confirmed,100,0.000,0.000,0.000,0.000,0.000,0.000,0.000,0.000,32.000,0.000,0.000,0.000,0.000,68.000,0.000,0.000,0.000,0.000,0.000
1910102,EC_SX_TO_MT_20190329_Q08_human.jpg,Confirmed,100,0.000,0.000,0.000,0.000,0.000,0.000,0.000,0.000,25.000,0.000,0.000,0.000,0.000,75.000,0.000,0.000,0.000,0.000,0.000
1910101,EC_SX_TO_MT_20190329_Q09_human.jpg,Confirmed,100,0.000,0.000,0.000,0.000,0.000,0.000,0.000,0.000,49.000,0.000,0.000,0.000,0.000,51.000,0.000,0.000,0.000,0.000,0.000
1910100,EC_SX_TO_MT_20190329_Q10_human.jpg,Confirmed,100,0.000,0.000,0.000,0.000,0.000,0.000,0.000,0.000,9.000,0.000,0.000,0.000,0.000,91.000,0.000,0.000,0.000,0.000,0.000
1910236,USMAMH201807_138_low_(2)_human.jpg,Confirmed,100,0.000,0.000,0.000,4.000,0.000,0.000,0.000,0.000,1.000,0.000,0.000,94.000,0.000,1.000,0.000,0.000,0.000,0.000,0.000
1910237,USMAMH201807_139_low_(2)_human.jpg,Confirmed,100,0.000,0.000,0.000,5.000,0.000,0.000,0.000,0.000,2.000,0.000,0.000,90.000,0.000,3.000,0.000,0.000,0.000,0.000,0.000
1910240,USMAMH201807_419_low_(2)_human.jpg,Confirmed,100,0.000,0.000,0.000,9.000,1.000,0.000,0.000,0.000,11.000,0.000,0.000,77.000,0.000,2.000,0.000,0.000,0.000,0.000,0.000
1910247,USMAMH201807_445_high_(3)_human.jpg,Confirmed,100,0.000,0.000,0.000,8.000,0.000,1.000,0.000,0.000,80.000,0.000,0.000,11.000,0.000,0.000,0.000,0.000,0.000,0.000,0.000
1910245,USMAMH201807_503_high_(3)_human.jpg,Confirmed,100,0.000,0.000,0.000,0.000,0.000,1.000,0.000,0.000,0.000,0.000,0.000,97.000,0.000,2.000,0.000,0.000,0.000,0.000,0.000
1910235,USMAMH201807_518_low_(2)_human.jpg,Confirmed,100,0.000,0.000,0.000,0.000,0.000,0.000,0.000,0.000,0.000,0.000,0.000,100.000,0.000,0.000,0.000,0.000,0.000,0.000,0.000
1910238,USMAMH201807_552_low_(2)_human.jpg,Confirmed,100,0.000,0.000,0.000,19.000,7.000,0.000,0.000,0.000,7.000,0.000,0.000,67.000,0.000,0.000,0.000,0.000,0.000,0.000,0.000
1910242,USMAMH201807_592_low_(2)_human.jpg,Confirmed,100,0.000,0.000,0.000,0.000,0.000,0.000,0.000,0.000,1.000,0.000,0.000,94.000,0.000,5.000,0.000,0.000,0.000,0.000,0.000
1910241,USMAMH201807_593_low_(2)_human.jpg,Confirmed,100,0.000,0.000,0.000,12.000,0.000,1.000,0.000,0.000,1.000,0.000,0.000,49.000,0.000,37.000,0.000,0.000,0.000,0.000,0.000
1910244,USMAMH201807_594_low_(3)_human.jpg,Confirmed,100,0.000,0.000,0.000,25.000,0.000,0.000,0.000,0.000,6.000,0.000,0.000,62.000,3.000,4.000,0.000,0.000,0.000,0.000,0.000
1910233,USMAMH201807_595_high_(3)_human.jpg,Confirmed,100,0.000,0.000,0.000,2.000,0.000,0.000,0.000,0.000,21.000,0.000,0.000,76.000,1.000,0.000,0.000,0.000,0.000,0.000,0.000
1910239,USMAMH201807_596_low_(2)_human.jpg,Confirmed,100,0.000,0.000,0.000,34.000,0.000,0.000,0.000,0.000,42.000,0.000,0.000,22.000,1.000,1.000,0.000,0.000,0.000,0.000,0.000
1910234,USMAMH201807_598_high_(2)_human.jpg,Confirmed,100,0.000,0.000,0.000,1.000,0.000,1.000,0.000,0.000,1.000,0.000,0.000,93.000,3.000,1.000,0.000,0.000,0.000,0.000,0.000
1910243,USMAMH201807_599_high_(3)_human.jpg,Confirmed,100,0.000,0.000,0.000,0.000,0.000,0.000,0.000,0.000,0.000,0.000,0.000,98.000,2.000,0.000,0.000,0.000,0.000,0.000,0.000
1910246,USMAMH201807_600_high_(3)_human.jpg,Confirmed,100,0.000,0.000,0.000,13.000,4.000,0.000,0.000,0.000,68.000,0.000,0.000,11.000,1.000,3.000,0.000,0.000,0.000,0.000,0.000
1910182,USMAMH201905_139_low_(3)_human.jpg,Confirmed,100,0.000,0.000,0.000,3.000,6.000,3.000,0.000,0.000,4.000,0.000,0.000,81.000,0.000,3.000,0.000,0.000,0.000,0.000,0.000
1910186,USMAMH201905_442_high_(2)_human.jpg,Confirmed,100,0.000,0.000,0.000,5.000,0.000,3.000,0.000,0.000,90.000,0.000,0.000,2.000,0.000,0.000,0.000,0.000,0.000,0.000,0.000
1910185,USMAMH201905_445_high_(3)_human.jpg,Confirmed,100,0.000,0.000,0.000,9.000,0.000,1.000,0.000,0.000,75.000,0.000,0.000,15.000,0.000,0.000,0.000,0.000,0.000,0.000,0.000
1910184,USMAMH201905_466_high_(2)_human.jpg,Confirmed,100,0.000,0.000,0.000,1.000,1.000,0.000,0.000,0.000,3.000,0.000,0.000,83.000,10.000,2.000,0.000,0.000,0.000,0.000,0.000
1910187,USMAMH201905_503_high_(2)_human.jpg,Confirmed,100,0.000,0.000,0.000,11.000,1.000,1.000,0.000,0.000,11.000,0.000,0.000,76.000,0.000,0.000,0.000,0.000,0.000,0.000,0.000
1910181,USMAMH201905_552_low_(5)_human.jpg,Confirmed,100,11.000,0.000,0.000,6.000,41.000,5.000,0.000,0.000,14.000,0.000,0.000,21.000,0.000,2.000,0.000,0.000,0.000,0.000,0.000
1910180,USMAMH201905_596_low_(3)_human.jpg,Confirmed,100,0.000,0.000,0.000,10.000,0.000,3.000,0.000,0.000,71.000,0.000,0.000,11.000,0.000,5.000,0.000,0.000,0.000,0.000,0.000
1910183,USMAMH201905_598_high_(3)_human.jpg,Confirmed,100,0.000,0.000,0.000,22.000,0.000,0.000,0.000,0.000,32.000,0.000,0.000,18.000,0.000,28.000,0.000,0.000,0.000,0.000,0.000
1910189,USMAMH201905_599_high_(3)_human.jpg,Confirmed,100,31.000,0.000,0.000,4.000,2.000,0.000,0.000,0.000,13.000,2.000,0.000,47.000,0.000,1.000,0.000,0.000,0.000,0.000,0.000
1910188,USMAMH201905_600_high_(2)_human.jpg,Confirmed,100,0.000,0.000,0.000,7.000,1.000,0.000,0.000,0.000,80.000,0.000,0.000,12.000,0.000,0.000,0.000,0.000,0.000,0.000,0.000
1910249,USMAPH201807_405_low_(4)_human.jpg,Confirmed,100,0.000,0.000,0.000,9.000,9.000,0.000,0.000,0.000,10.000,0.000,0.000,71.000,0.000,0.000,1.000,0.000,0.000,0.000,0.000
1910252,USMAPH201807_422_high__human.jpg,Confirmed,100,0.000,0.000,0.000,21.000,12.000,1.000,0.000,0.000,25.000,0.000,0.000,36.000,0.000,5.000,0.000,0.000,0.000,0.000,0.000
1910253,USMAPH201807_426_high__human.jpg,Confirmed,100,0.000,0.000,0.000,26.000,6.000,0.000,0.000,0.000,5.000,0.000,0.000,61.000,0.000,2.000,0.000,0.000,0.000,0.000,0.000
1910259,USMAPH201807_428_high_(2)_human.jpg,Confirmed,100,0.000,0.000,0.000,19.000,0.000,0.000,0.000,0.000,2.000,0.000,0.000,79.000,0.000,0.000,0.000,0.000,0.000,0.000,0.000
1910258,USMAPH201807_441_low_(2)_human.jpg,Confirmed,100,0.000,0.000,0.000,0.000,0.000,0.000,0.000,0.000,0.000,0.000,0.000,100.000,0.000,0.000,0.000,0.000,0.000,0.000,0.000
1910248,USMAPH201807_444_low_(2)_human.jpg,Confirmed,100,0.000,0.000,0.000,29.000,0.000,0.000,0.000,0.000,36.000,0.000,0.000,34.000,0.000,1.000,0.000,0.000,0.000,0.000,0.000
1910255,USMAPH201807_450_low_(1)_human.jpg,Confirmed,100,0.000,0.000,0.000,29.000,1.000,0.000,0.000,0.000,44.000,0.000,0.000,26.000,0.000,0.000,0.000,0.000,0.000,0.000,0.000
1910257,USMAPH201807_461_low_(2)_human.jpg,Confirmed,100,0.000,0.000,0.000,1.000,0.000,0.000,0.000,0.000,0.000,0.000,0.000,99.000,0.000,0.000,0.000,0.000,0.000,0.000,0.000
1910254,USMAPH201807_483_high_(4)_human.jpg,Confirmed,100,0.000,0.000,0.000,35.000,3.000,0.000,0.000,0.000,2.000,0.000,0.000,57.000,0.000,0.000,3.000,0.000,0.000,0.000,0.000
1910256,USMAPH201807_494_low_(1)_human.jpg,Confirmed,100,0.000,0.000,0.000,19.000,0.000,1.000,0.000,0.000,16.000,0.000,0.000,64.000,0.000,0.000,0.000,0.000,0.000,0.000,0.000
1910250,USMAPH201807_499_high__human.jpg,Confirmed,100,0.000,0.000,0.000,15.000,19.000,4.000,0.000,0.000,36.000,0.000,0.000,18.000,0.000,6.000,0.000,0.000,2.000,0.000,0.000
1910251,USMAPH201807_529_high__human.jpg,Confirmed,100,0.000,0.000,0.000,22.000,13.000,0.000,0.000,0.000,11.000,0.000,0.000,53.000,0.000,1.000,0.000,0.000,0.000,0.000,0.000
1910191,USMAPH201905_422_high_(2)_human.jpg,Confirmed,100,0.000,0.000,0.000,9.000,2.000,0.000,0.000,0.000,1.000,0.000,0.000,88.000,0.000,0.000,0.000,0.000,0.000,0.000,0.000
1910192,USMAPH201905_426_high_(2)_human.jpg,Confirmed,100,0.000,0.000,0.000,40.000,5.000,0.000,0.000,0.000,26.000,0.000,0.000,21.000,0.000,8.000,0.000,0.000,0.000,0.000,0.000
1910194,USMAPH201905_441_low_(2)_human.jpg,Confirmed,100,0.000,0.000,0.000,6.000,0.000,3.000,0.000,0.000,12.000,0.000,0.000,73.000,0.000,6.000,0.000,0.000,0.000,0.000,0.000
1910197,USMAPH201905_450_low_(2)_human.jpg,Confirmed,100,0.000,0.000,0.000,34.000,1.000,0.000,0.000,0.000,36.000,0.000,0.000,29.000,0.000,0.000,0.000,0.000,0.000,0.000,0.000
1910195,USMAPH201905_455_low_(2)_human.jpg,Confirmed,100,0.000,0.000,0.000,28.000,0.000,0.000,0.000,0.000,12.000,0.000,0.000,58.000,0.000,2.000,0.000,0.000,0.000,0.000,0.000
1910196,USMAPH201905_461_low_(3)_human.jpg,Confirmed,100,0.000,0.000,0.000,55.000,0.000,4.000,0.000,0.000,17.000,0.000,0.000,22.000,0.000,2.000,0.000,0.000,0.000,0.000,0.000
1910193,USMAPH201905_469_high_(2)_human.jpg,Confirmed,100,0.000,0.000,0.000,18.000,0.000,2.000,0.000,0.000,70.000,0.000,0.000,10.000,0.000,0.000,0.000,0.000,0.000,0.000,0.000
1910198,USMAPH201905_494_low_(2)_human.jpg,Confirmed,100,0.000,0.000,0.000,10.000,0.000,0.000,0.000,0.000,10.000,0.000,0.000,80.000,0.000,0.000,0.000,0.000,0.000,0.000,0.000
1910190,USMAPH201905_499_high_(2)_human.jpg,Confirmed,100,0.000,0.000,0.000,35.000,12.000,7.000,0.000,0.000,22.000,0.000,0.000,17.000,4.000,3.000,0.000,0.000,0.000,0.000,0.000
1910220,USMECH201808_190_low_(2)_human.jpg,Confirmed,100,0.000,0.000,0.000,43.000,0.000,1.000,0.000,0.000,5.000,0.000,0.000,50.000,0.000,1.000,0.000,0.000,0.000,0.000,0.000
1910218,USMECH201808_191_low_(2)_human.jpg,Confirmed,100,0.000,0.000,0.000,10.000,2.000,0.000,0.000,0.000,3.000,0.000,0.000,72.000,8.000,0.000,0.000,0.000,5.000,0.000,0.000
1910217,USMECH201808_192_low_(2)_human.jpg,Confirmed,100,0.000,0.000,0.000,14.000,2.000,0.000,0.000,0.000,4.000,0.000,0.000,79.000,0.000,1.000,0.000,0.000,0.000,0.000,0.000
1910219,USMECH201808_195_low_(3)_human.jpg,Confirmed,100,0.000,0.000,0.000,84.000,1.000,1.000,0.000,0.000,14.000,0.000,0.000,0.000,0.000,0.000,0.000,0.000,0.000,0.000,0.000
1910216,USMECH201808_198_high_(2)_human.jpg,Confirmed,100,0.000,0.000,0.000,0.000,0.000,1.000,0.000,0.000,1.000,0.000,0.000,98.000,0.000,0.000,0.000,0.000,0.000,0.000,0.000
1910221,USMECH201808_564_low_(3)_human.jpg,Confirmed,100,0.000,0.000,0.000,13.000,0.000,1.000,0.000,0.000,9.000,0.000,0.000,76.000,0.000,1.000,0.000,0.000,0.000,0.000,0.000
1910204,USMECH201905_190_low_(2)_human.jpg,Confirmed,100,0.000,0.000,0.000,28.000,0.000,1.000,0.000,0.000,1.000,0.000,0.000,70.000,0.000,0.000,0.000,0.000,0.000,0.000,0.000
1910203,USMECH201905_191_low_(2)_human.jpg,Confirmed,100,0.000,0.000,0.000,25.000,5.000,1.000,0.000,0.000,23.000,0.000,0.000,46.000,0.000,0.000,0.000,0.000,0.000,0.000,0.000
1910199,USMECH201905_192_low_(2)_human.jpg,Confirmed,100,0.000,0.000,0.000,56.000,0.000,0.000,0.000,0.000,0.000,0.000,0.000,44.000,0.000,0.000,0.000,0.000,0.000,0.000,0.000
1910200,USMECH201905_193_low_(3)_human.jpg,Confirmed,100,0.000,0.000,0.000,19.000,3.000,5.000,0.000,0.000,4.000,0.000,0.000,50.000,0.000,19.000,0.000,0.000,0.000,0.000,0.000
1910202,USMECH201905_194_low_(2)_human.jpg,Confirmed,100,0.000,0.000,0.000,77.000,1.000,1.000,0.000,0.000,5.000,0.000,0.000,16.000,0.000,0.000,0.000,0.000,0.000,0.000,0.000
1910201,USMECH201905_195_low_(2)_human.jpg,Confirmed,100,0.000,0.000,0.000,96.000,0.000,0.000,0.000,0.000,1.000,0.000,0.000,3.000,0.000,0.000,0.000,0.000,0.000,0.000,0.000
1910209,USMECH201905_196_high_(2)_human.jpg,Confirmed,100,1.000,0.000,0.000,49.000,0.000,0.000,0.000,0.000,24.000,0.000,0.000,15.000,0.000,8.000,3.000,0.000,0.000,0.000,0.000
1910208,USMECH201905_198_high_(2)_human.jpg,Confirmed,100,0.000,0.000,0.000,11.000,0.000,0.000,0.000,0.000,21.000,0.000,0.000,59.000,0.000,9.000,0.000,0.000,0.000,0.000,0.000
1910207,USMECH201905_199_high_(2)_human.jpg,Confirmed,100,0.000,0.000,0.000,18.000,1.000,1.000,0.000,0.000,16.000,0.000,0.000,33.000,0.000,25.000,0.000,0.000,6.000,0.000,0.000
1910206,USMECH201905_200_high_(2)_human.jpg,Confirmed,100,0.000,0.000,0.000,12.000,0.000,0.000,0.000,0.000,3.000,0.000,0.000,28.000,0.000,0.000,0.000,0.000,57.000,0.000,0.000
1910205,USMECH201905_564_low_(1)_human.jpg,Confirmed,100,0.000,0.000,0.000,55.000,0.000,0.000,0.000,0.000,1.000,0.000,0.000,42.000,0.000,2.000,0.000,0.000,0.000,0.000,0.000
1910268,USMEGS201807_107_low_(3)_human.jpg,Confirmed,100,3.000,0.000,0.000,11.000,0.000,8.000,0.000,0.000,45.000,0.000,0.000,33.000,0.000,0.000,0.000,0.000,0.000,0.000,0.000
1910267,USMEGS201807_133_low_(2)_human.jpg,Confirmed,100,7.000,0.000,0.000,0.000,0.000,0.000,0.000,0.000,2.000,0.000,0.000,91.000,0.000,0.000,0.000,0.000,0.000,0.000,0.000
1910271,USMEGS201807_134_high_(3)_human.jpg,Confirmed,100,0.000,0.000,0.000,38.000,0.000,0.000,0.000,0.000,1.000,0.000,0.000,61.000,0.000,0.000,0.000,0.000,0.000,0.000,0.000
1910265,USMEGS201807_135_high_(3)_human.jpg,Confirmed,100,0.000,0.000,0.000,57.000,2.000,2.000,0.000,0.000,4.000,0.000,0.000,35.000,0.000,0.000,0.000,0.000,0.000,0.000,0.000
1910264,USMEGS201807_159_high_(2)_human.jpg,Confirmed,100,0.000,0.000,0.000,2.000,0.000,0.000,0.000,0.000,2.000,0.000,0.000,96.000,0.000,0.000,0.000,0.000,0.000,0.000,0.000
1910263,USMEGS201807_160_high_(2)_human.jpg,Confirmed,100,0.000,0.000,0.000,9.000,0.000,1.000,0.000,0.000,0.000,0.000,0.000,90.000,0.000,0.000,0.000,0.000,0.000,0.000,0.000
1910262,USMEGS201807_166_high_(2)_human.jpg,Confirmed,100,0.000,0.000,0.000,85.000,0.000,1.000,0.000,0.000,8.000,0.000,0.000,6.000,0.000,0.000,0.000,0.000,0.000,0.000,0.000
1910261,USMEGS201807_186_high_(2)_human.jpg,Confirmed,100,0.000,0.000,0.000,42.000,0.000,0.000,0.000,0.000,15.000,0.000,0.000,43.000,0.000,0.000,0.000,0.000,0.000,0.000,0.000
1910260,USMEGS201807_187_high_(2)_human.jpg,Confirmed,100,0.000,0.000,0.000,93.000,0.000,0.000,0.000,0.000,7.000,0.000,0.000,0.000,0.000,0.000,0.000,0.000,0.000,0.000,0.000
1910266,USMEGS201807_94_low_(2)_human.jpg,Confirmed,100,0.000,0.000,0.000,0.000,0.000,0.000,0.000,0.000,0.000,0.000,0.000,100.000,0.000,0.000,0.000,0.000,0.000,0.000,0.000
1910269,USMEGS201807_98_low_(3)_human.jpg,Confirmed,100,0.000,0.000,0.000,7.000,0.000,0.000,0.000,0.000,2.000,0.000,0.000,91.000,0.000,0.000,0.000,0.000,0.000,0.000,0.000
1910270,USMEGS201807_99_low_(2)_human.jpg,Confirmed,100,0.000,0.000,0.000,4.000,0.000,0.000,0.000,0.000,2.000,0.000,0.000,87.000,0.000,7.000,0.000,0.000,0.000,0.000,0.000
1910232,USMEGS201808_107_low_(3)_human.jpg,Confirmed,100,0.000,0.000,0.000,11.000,0.000,0.000,0.000,0.000,65.000,0.000,0.000,24.000,0.000,0.000,0.000,0.000,0.000,0.000,0.000
1910222,USMEGS201808_133_low_(4)_human.jpg,Confirmed,100,0.000,0.000,0.000,2.000,0.000,4.000,0.000,0.000,5.000,0.000,0.000,79.000,0.000,10.000,0.000,0.000,0.000,0.000,0.000
1910229,USMEGS201808_134_high_(2)_human.jpg,Confirmed,100,0.000,0.000,0.000,7.000,0.000,0.000,0.000,0.000,0.000,0.000,0.000,93.000,0.000,0.000,0.000,0.000,0.000,0.000,0.000
1910228,USMEGS201808_135_high_(2)_human.jpg,Confirmed,100,0.000,0.000,0.000,22.000,1.000,1.000,0.000,0.000,4.000,0.000,0.000,72.000,0.000,0.000,0.000,0.000,0.000,0.000,0.000
1910227,USMEGS201808_159_high_(2)_human.jpg,Confirmed,100,0.000,0.000,0.000,10.000,0.000,0.000,0.000,0.000,1.000,0.000,0.000,89.000,0.000,0.000,0.000,0.000,0.000,0.000,0.000
1910226,USMEGS201808_160_high_(2)_human.jpg,Confirmed,100,0.000,0.000,0.000,0.000,0.000,1.000,0.000,0.000,0.000,0.000,0.000,99.000,0.000,0.000,0.000,0.000,0.000,0.000,0.000
1910225,USMEGS201808_165_high_(3)_human.jpg,Confirmed,100,0.000,0.000,0.000,81.000,0.000,5.000,0.000,0.000,13.000,0.000,0.000,1.000,0.000,0.000,0.000,0.000,0.000,0.000,0.000
1910224,USMEGS201808_166_high_(2)_human.jpg,Confirmed,100,0.000,0.000,0.000,81.000,0.000,0.000,0.000,0.000,8.000,1.000,0.000,10.000,0.000,0.000,0.000,0.000,0.000,0.000,0.000
1910223,USMEGS201808_186_high_(1)_human.jpg,Confirmed,100,0.000,0.000,0.000,4.000,0.000,0.000,0.000,0.000,2.000,0.000,0.000,94.000,0.000,0.000,0.000,0.000,0.000,0.000,0.000
1910230,USMEGS201808_94_low_(2)_human.jpg,Confirmed,100,0.000,0.000,0.000,2.000,0.000,0.000,0.000,0.000,1.000,0.000,0.000,97.000,0.000,0.000,0.000,0.000,0.000,0.000,0.000
1910231,USMEGS201808_99_low_(3)_human.jpg,Confirmed,100,0.000,0.000,0.000,27.000,0.000,7.000,0.000,0.000,29.000,0.000,0.000,37.000,0.000,0.000,0.000,0.000,0.000,0.000,0.000
1910215,USMEGS201905_107_low_(2)_human.jpg,Confirmed,100,0.000,0.000,0.000,40.000,0.000,2.000,0.000,0.000,29.000,0.000,0.000,29.000,0.000,0.000,0.000,0.000,0.000,0.000,0.000
1910213,USMEGS201905_134_high_(3)_human.jpg,Confirmed,100,0.000,0.000,0.000,14.000,0.000,1.000,0.000,0.000,10.000,0.000,0.000,75.000,0.000,0.000,0.000,0.000,0.000,0.000,0.000
1910212,USMEGS201905_160_high_(2)_human.jpg,Confirmed,100,2.000,0.000,0.000,19.000,0.000,0.000,0.000,0.000,0.000,0.000,0.000,79.000,0.000,0.000,0.000,0.000,0.000,0.000,0.000
1910211,USMEGS201905_165_high_(2)_human.jpg,Confirmed,100,0.000,0.000,0.000,67.000,0.000,2.000,0.000,0.000,9.000,0.000,0.000,22.000,0.000,0.000,0.000,0.000,0.000,0.000,0.000
1910210,USMEGS201905_187_high_(2)_human.jpg,Confirmed,100,0.000,0.000,0.000,90.000,0.000,2.000,0.000,0.000,7.000,0.000,0.000,1.000,0.000,0.000,0.000,0.000,0.000,0.000,0.000
1910214,USMEGS201905_99_low_(2)_human.jpg,Confirmed,100,0.000,0.000,0.000,15.000,0.000,2.000,0.000,0.000,4.000,0.000,0.000,74.000,0.000,5.000,0.000,0.000,0.000,0.000,0.000
ALL IMAGES,,,,0.152,0.014,0.017,6.199,7.414,0.354,0.000,0.760,49.961,0.304,1.740,13.790,0.091,6.895,8.227,0.014,0.193,0.243,3.633
